-2.487247604228420145e-02,2.177222248290162365e-01,7.882496535017269323e-03,-2.632918479780938181e+00,9.226802399794772902e-03,2.937097768882864113e+00,7.936372344971661663e-01,2.080427398291501834e-02,-2.080351807221122659e-02,1.180851470622483468e-02,1.536214938865291396e-02,8.190981558406442709e-01,-2.449378334874048047e-01,1.239320267409673263e-18,1.267266146217037819e-18,9.695387860867126228e-01
-2.280742807684659965e-02,2.353029003726300195e-01,1.128940742043694871e-02,-2.610203135698938581e+00,6.469778541707035379e-04,2.905615721651193084e+00,7.904639824382477808e-01,2.073843522351934143e-02,-2.073453963838313083e-02,1.180851470622483468e-02,1.536214938865291396e-02,8.198681389056144964e-01,-2.449378334874048047e-01,2.010268581887946597e-18,1.529325824121374051e-17,9.695387860867126228e-01
-2.034974198097895190e-02,2.542870873192815684e-01,1.397789877819110953e-02,-2.576188498666911908e+00,-7.786155454522478148e-03,2.866443702943678229e+00,7.938502321868110556e-01,2.067697452385082804e-02,-2.067238300806599829e-02,1.180851470622483468e-02,1.536214938865291396e-02,8.207310451726027578e-01,-2.449378334874048047e-01,-5.410928812459195062e-18,4.096803093877686397e-17,9.695387860867126228e-01
-1.736087015753464899e-02,2.733682688341246281e-01,1.838694044289254648e-02,-2.539130947445527919e+00,-1.390784156820582332e-02,2.830207439253380031e+00,8.017438378291250611e-01,2.062115672600347421e-02,-2.061496209622698528e-02,1.180851470622483468e-02,1.536214938865291396e-02,8.209219830984090249e-01,-2.449378334874048047e-01,-7.741637399648323118e-18,3.271824136759071347e-17,9.695387860867126228e-01
-1.437008570979363305e-02,2.889783108628928288e-01,2.282716765782200410e-02,-2.507213065992000001e+00,-1.878825466485736784e-02,2.800521343205047753e+00,8.117017172117763080e-01,2.056954540579192942e-02,-2.056283721712894030e-02,1.180851470622483468e-02,1.536214938865291396e-02,8.209683855236636907e-01,-2.449378334874048047e-01,-8.129275029570324909e-18,3.437781655826701153e-17,9.695387860867126228e-01
-1.132391833955189060e-02,3.036705365043917970e-01,2.762323497576410838e-02,-2.479637687689582481e+00,-2.300237473996026571e-02,2.780713537904692334e+00,8.224174498004227507e-01,2.052236475122433748e-02,-2.051498905042370771e-02,1.180851470622483468e-02,1.536214938865291396e-02,8.209798908645432602e-01,-2.449378334874048047e-01,-1.024145130646877295e-17,3.676691437587908545e-17,9.695387860867126228e-01
-7.952192198615710972e-03,3.201187969961059032e-01,3.294060179341328637e-02,-2.453141872237710963e+00,-2.758618722226531539e-02,2.769333753617963634e+00,8.344618475385592316e-01,2.047943991961477875e-02,-2.047086320780284324e-02,1.180851470622483468e-02,1.536214938865291396e-02,8.209827567886346378e-01,-2.449378334874048047e-01,-1.230785262333817131e-17,3.616625297360564909e-17,9.695387860867126228e-01
-5.403517227624067207e-03,3.373745136683796164e-01,3.550882170293549051e-02,-2.427480018070047318e+00,-3.220598060108109673e-02,2.761678785835915750e+00,8.442789910373031947e-01,2.043871560942153026e-02,-2.043183306939411192e-02,1.180851470622483468e-02,1.536214938865291396e-02,8.209834714832453528e-01,-2.449378334874048047e-01,-1.100627520723920904e-17,3.469248217976984051e-17,9.695387860867126228e-01
-3.024502953188725959e-03,3.509446499657056240e-01,3.859904752405755868e-02,-2.407145787480091670e+00,-3.549230471193765696e-02,2.754188299369340509e+00,8.521696057550438574e-01,2.040214168631370936e-02,-2.039534643522658910e-02,1.180851470622483468e-02,1.536214938865291396e-02,8.209836497613958173e-01,-2.449378334874048047e-01,-1.323329829973913915e-17,4.275663271372404484e-17,9.695387860867126228e-01
-1.373080715927264242e-04,3.633888987998071252e-01,4.285242254636052045e-02,-2.389383706418650277e+00,-3.895601704968897766e-02,2.749127368944277006e+00,8.613261953337274512e-01,2.036922554756326331e-02,-2.036133776230140621e-02,1.180851470622483468e-02,1.536214938865291396e-02,8.209836942353838651e-01,-2.449378334874048047e-01,-1.328002350567878038e-17,3.910394328110191167e-17,9.695387860867126228e-01
2.441615637273132113e-03,3.768067533513136946e-01,4.533278117516934685e-02,-2.371258453616254425e+00,-4.301418563420111169e-02,2.745833726590376944e+00,8.700639789462659701e-01,2.033808288702921435e-02,-2.033116790013370090e-02,1.180851470622483468e-02,1.536214938865291396e-02,8.209837053302381227e-01,-2.449378334874048047e-01,-1.199511526615045186e-17,3.867436277283332367e-17,9.695387860867126228e-01
5.033669106000978125e-03,3.903371961387110400e-01,4.802907270259370448e-02,-2.353071312202954513e+00,-4.658270229097798143e-02,2.742177880410438640e+00,8.780511211516009995e-01,2.031002858283158241e-02,-2.030305578682750980e-02,1.180851470622483468e-02,1.536214938865291396e-02,8.209837080980657564e-01,-2.449378334874048047e-01,-1.032485889400637120e-17,3.494263042597551649e-17,9.695387860867126228e-01
7.493914170813361676e-03,4.049381591468788621e-01,5.012393752403750125e-02,-2.333300685346406667e+00,-4.999573466180588094e-02,2.738135051275446763e+00,8.852880229810641266e-01,2.028407563264209706e-02,-2.027755494926111041e-02,1.180851470622483468e-02,1.536214938865291396e-02,8.209837087885550888e-01,-2.449378334874048047e-01,-9.184546819675679376e-18,3.192192849237349801e-17,9.695387860867126228e-01
1.009082734788381563e-02,4.190150428461610899e-01,5.257101241582354950e-02,-2.313616196655674528e+00,-5.314722108783163923e-02,2.732538244340513511e+00,8.924128208989078326e-01,2.026061673278877970e-02,-2.025387918976099058e-02,1.180851470622483468e-02,1.536214938865291396e-02,8.209837089608110761e-01,-2.449378334874048047e-01,-9.551389232231509893e-18,3.631048106902123652e-17,9.695387860867126228e-01
1.224296331999530883e-02,4.305503411154198989e-01,5.386821027994263128e-02,-2.296865448442049207e+00,-5.590587421971623255e-02,2.725926289466652275e+00,8.982228233525424432e-01,2.023848005874783612e-02,-2.023283433892681185e-02,1.180851470622483468e-02,1.536214938865291396e-02,8.209837090037835905e-01,-2.449378334874048047e-01,-1.188689625943422349e-17,3.686102615796030374e-17,9.695387860867126228e-01
1.412776167778464521e-02,4.430541021290910209e-01,5.495115224359409245e-02,-2.279376964996365107e+00,-5.787134684384568489e-02,2.721263539801479059e+00,9.024927846275447862e-01,2.021839999935213725e-02,-2.021335652938094363e-02,1.180851470622483468e-02,1.536214938865291396e-02,8.209837090145044591e-01,-2.449378334874048047e-01,-1.256811785896804888e-17,4.253830294745457104e-17,9.695387860867126228e-01
1.658954944669761497e-02,4.569719885885067945e-01,5.735026979859776664e-02,-2.260064924740782466e+00,-6.003539957686004902e-02,2.716761928607803078e+00,9.079737005805987859e-01,2.020079480460735405e-02,-2.019472673800767198e-02,1.180851470622483468e-02,1.536214938865291396e-02,8.209837090171788754e-01,-2.449378334874048047e-01,-1.036457171485676805e-17,4.015219596627271735e-17,9.695387860867126228e-01
1.949999941062418099e-02,4.682110145906251963e-01,6.002034130219737612e-02,-2.243716741535698667e+00,-6.316176320888111650e-02,2.710284873773988856e+00,9.154625168125515300e-01,2.018452634519774663e-02,-2.017780192552412477e-02,1.180851470622483468e-02,1.536214938865291396e-02,8.209837090178460084e-01,-2.449378334874048047e-01,-1.054470001580595666e-17,3.879978922843694480e-17,9.695387860867126228e-01
2.220260624718299949e-02,4.810895610072913886e-01,6.149120086993454387e-02,-2.225615314957021695e+00,-6.662257921563198571e-02,2.705680104445134848e+00,9.225867476560846159e-01,2.016901792599391785e-02,-2.016290137952473152e-02,1.180851470622483468e-02,1.536214938865291396e-02,8.209837090180124308e-01,-2.449378334874048047e-01,-9.564015170272897453e-18,3.824851251218693528e-17,9.695387860867126228e-01
2.436247105219449885e-02,4.943030038972697771e-01,6.211684752839082696e-02,-2.206860257073320231e+00,-6.919997252170966007e-02,2.700425083578152918e+00,9.275267670444033996e-01,2.015459727576137533e-02,-2.014946373384553582e-02,1.180851470622483468e-02,1.536214938865291396e-02,8.209837090180538421e-01,-2.449378334874048047e-01,-1.154455461588702200e-17,4.122254947188987275e-17,9.695387860867126228e-01
2.696372595730224878e-02,5.072878346431025642e-01,6.439500169727728485e-02,-2.188134664683103026e+00,-7.128278193621667702e-02,2.694565186006796953e+00,9.328709234474187317e-01,2.014236718749143687e-02,-2.013617579362960569e-02,1.180851470622483468e-02,1.536214938865291396e-02,8.209837090180640562e-01,-2.449378334874048047e-01,-9.728322664093469723e-18,3.593149658630858715e-17,9.695387860867126228e-01
2.956974638630528035e-02,5.206811987660676655e-01,6.584617689396372875e-02,-2.168657619509666734e+00,-7.394947130427743931e-02,2.688542179946104227e+00,9.386178625218224436e-01,2.013051210203849195e-02,-2.012465373790135043e-02,1.180851470622483468e-02,1.536214938865291396e-02,8.209837090180658326e-01,-2.449378334874048047e-01,-7.844388715364054438e-18,3.245193069976926555e-17,9.695387860867126228e-01
3.202671790478713032e-02,5.340996407608644692e-01,6.699901410693522019e-02,-2.148920604387298816e+00,-7.634465737521138606e-02,2.682118558633728167e+00,9.436977570133467941e-01,2.011964810427556427e-02,-2.011410218707810824e-02,1.180851470622483468e-02,1.536214938865291396e-02,8.209837090180658326e-01,-2.449378334874048047e-01,-9.187331575616810244e-18,3.265800648939261012e-17,9.695387860867126228e-01
3.414431626421644134e-02,5.441392870032660811e-01,6.792850026491283055e-02,-2.133385625805809926e+00,-7.810444313444289688e-02,2.674426714541915828e+00,9.477546563738813434e-01,2.010952142665907785e-02,-2.010461005568253343e-02,1.180851470622483468e-02,1.536214938865291396e-02,8.209837090180658326e-01,-2.449378334874048047e-01,-1.304922033536928185e-17,4.368734359909202896e-17,9.695387860867126228e-01
3.615501813761075323e-02,5.555249798791892513e-01,6.883465525104175142e-02,-2.116904570662067275e+00,-7.954778730802757047e-02,2.669800580679432045e+00,9.511729603095138152e-01,2.010039844782596230e-02,-2.009576091980686333e-02,1.180851470622483468e-02,1.536214938865291396e-02,8.209837090180658326e-01,-2.449378334874048047e-01,-9.546585185447440857e-18,2.639852193606457875e-17,9.695387860867126228e-01
3.860076427255596659e-02,5.666652504695092185e-01,7.067086838832235818e-02,-2.100915704518032001e+00,-8.131666207653476253e-02,2.665023187553562156e+00,9.557326726970597486e-01,2.009253638724214225e-02,-2.008716020859507498e-02,1.180851470622483468e-02,1.536214938865291396e-02,8.209837090180658326e-01,-2.449378334874048047e-01,-1.269835484343539608e-17,3.927505695285105258e-17,9.695387860867126228e-01
4.101523556843880008e-02,5.773731260892827066e-01,7.176739904501372447e-02,-2.085534994332860048e+00,-8.362840370411128710e-02,2.660253258011035626e+00,9.606911665634918496e-01,2.008481355206205229e-02,-2.007980141069942367e-02,1.180851470622483468e-02,1.536214938865291396e-02,8.209837090180658326e-01,-2.449378334874048047e-01,-1.064402525403793722e-17,3.430019540226769905e-17,9.695387860867126228e-01
4.351574399959626249e-02,5.862119994480958773e-01,7.331811847225111478e-02,-2.072809594855153037e+00,-8.581587280879832136e-02,2.655352067466740795e+00,9.658625371463045450e-01,2.007801369126801724e-02,-2.007278564667658305e-02,1.180851470622483468e-02,1.536214938865291396e-02,8.209837090180658326e-01,-2.449378334874048047e-01,-1.475930344978665408e-17,4.386199776505028476e-17,9.695387860867126228e-01
4.628839402287471261e-02,5.981614016597056604e-01,7.490570501300856943e-02,-2.056555757319329381e+00,-8.841996305813894230e-02,2.652944631019606092e+00,9.715627588958676286e-01,2.007189931944177233e-02,-2.006624429299349796e-02,1.180851470622483468e-02,1.536214938865291396e-02,8.209837090180658326e-01,-2.449378334874048047e-01,-8.220130094774145773e-18,2.708654339009337594e-17,9.695387860867126228e-01
4.840478616263896999e-02,6.069294212318512294e-01,7.521870978954917075e-02,-2.043888595259004237e+00,-9.058709639777598466e-02,2.647496260743820162e+00,9.757915444587822451e-01,2.006547136949923815e-02,-2.006107754141821589e-02,1.180851470622483468e-02,1.536214938865291396e-02,8.209837090180658326e-01,-2.449378334874048047e-01,-9.843120079465045762e-18,3.482078174242861441e-17,9.695387860867126228e-01
5.078117073838732398e-02,6.172355809397485071e-01,7.678696751223443306e-02,-2.029671261876841104e+00,-9.219825884960122786e-02,2.644294375335137559e+00,9.799020659635322428e-01,2.006051728489392436e-02,-2.005541089433815483e-02,1.180851470622483468e-02,1.536214938865291396e-02,8.209837090180658326e-01,-2.449378334874048047e-01,-1.148483935440891361e-17,3.991349751491125525e-17,9.695387860867126228e-01
5.252876354958175426e-02,6.266097538564345815e-01,7.674619742827053226e-02,-2.016497843520713040e+00,-9.373988368824223705e-02,2.640140934734757749e+00,9.827730434652324210e-01,2.005496425599245097e-02,-2.005123356953658620e-02,1.180851470622483468e-02,1.536214938865291396e-02,8.209837090180658326e-01,-2.449378334874048047e-01,-1.258712372991100088e-17,4.721387330585291973e-17,9.695387860867126228e-01
5.416407600258450056e-02,6.365120699479337452e-01,7.726219309010580460e-02,-2.002744743328806365e+00,-9.452603042224562435e-02,2.636606716195764921e+00,9.847148845569786424e-01,2.005047116726112189e-02,-2.004681320351949653e-02,1.180851470622483468e-02,1.536214938865291396e-02,8.209837090180658326e-01,-2.449378334874048047e-01,-1.107479211396406935e-17,3.575830675433687493e-17,9.695387860867126228e-01
5.627274349407826448e-02,6.471081954298799621e-01,7.852741217440128985e-02,-1.987935393998252698e+00,-9.565369927702140063e-02,2.632812890995190003e+00,9.877270572625974632e-01,2.004672339291122332e-02,-2.004239615239162761e-02,1.180851470622483468e-02,1.536214938865291396e-02,8.209837090180658326e-01,-2.449378334874048047e-01,-1.330971752850907188e-17,4.195573862717108302e-17,9.695387860867126228e-01
5.781402763469514067e-02,6.571556415593690081e-01,7.827292906251287485e-02,-1.973491790404972246e+00,-9.694067155898750121e-02,2.628124885978877057e+00,9.899157546272427943e-01,2.004239166147530476e-02,-2.003924758800053330e-02,1.180851470622483468e-02,1.536214938865291396e-02,8.209837090180658326e-01,-2.449378334874048047e-01,-1.358285840041594788e-17,4.459202882362604526e-17,9.695387860867126228e-01
5.935114307587546767e-02,6.682230803593661728e-01,7.860672898397565167e-02,-1.957662537777381973e+00,-9.757253144715138937e-02,2.623839505502455260e+00,9.913746679808385087e-01,2.003903769125563172e-02,-2.003574932428102071e-02,1.180851470622483468e-02,1.536214938865291396e-02,8.209837090180658326e-01,-2.449378334874048047e-01,-1.234888051309729439e-17,3.619378084706505316e-17,9.695387860867126228e-01
6.128774420734697803e-02,6.782363707701852817e-01,7.962368226279185890e-02,-1.942932196763757391e+00,-9.843259137477790299e-02,2.618351269324970421e+00,9.938083592680209133e-01,2.003616990355625363e-02,-2.003234028999456573e-02,1.180851470622483468e-02,1.536214938865291396e-02,8.209837090180658326e-01,-2.449378334874048047e-01,-9.583371482455220621e-18,3.236768881676961193e-17,9.695387860867126228e-01
6.286026180406042996e-02,6.875965194326099095e-01,7.952168254578817486e-02,-1.929127158278370002e+00,-9.947395981514997598e-02,2.613289099370802226e+00,9.958165294380869614e-01,2.003287701231151394e-02,-2.002988277493800498e-02,1.180851470622483468e-02,1.536214938865291396e-02,8.209837090180658326e-01,-2.449378334874048047e-01,-1.251515487100566032e-17,4.019471799974695867e-17,9.695387860867126228e-01
6.406670136716710595e-02,6.946750871966717034e-01,7.947012134858022492e-02,-1.918674820159495198e+00,-9.983432687935953065e-02,2.608356303508377216e+00,9.968273257417894495e-01,2.003000841642318605e-02,-2.002748350496459662e-02,1.180851470622483468e-02,1.536214938865291396e-02,8.209837090180658326e-01,-2.449378334874048047e-01,-1.240277458758214272e-17,4.346715637011955526e-17,9.695387860867126228e-01
6.580959232755040356e-02,7.285598142255642617e-01,7.756029308096433483e-02,-1.898074588075620017e+00,-1.021817214093043852e-01,2.621694355270812959e+00,9.979529295640062747e-01,2.002726594461895146e-02,-2.002540029486244572e-02,1.180851470622483468e-02,1.536214938865291396e-02,8.209837090180658326e-01,-2.449378334874048047e-01,-1.142711069040741073e-17,3.312657669787478849e-17,9.695387860867126228e-01
6.862949239670822210e-02,7.689996783947127268e-01,7.632302555170965286e-02,-1.870968617311806748e+00,-1.062075295850131995e-01,2.635452440130809926e+00,1.001378283258238522e+00,2.002573412425600816e-02,-2.002251193441481267e-02,1.180851470622483468e-02,1.536214938865291396e-02,8.209837090180658326e-01,-2.449378334874048047e-01,-1.458156754201062955e-17,4.384631733390558658e-17,9.695387860867126228e-01
7.165036400049150378e-02,8.113718533480833717e-01,7.397686863484607966e-02,-1.839409821589753857e+00,-1.107608583956473103e-01,2.645416869390037284e+00,1.005299427977340176e+00,2.002358447047606141e-02,-2.002061211205655861e-02,1.180851470622483468e-02,1.536214938865291396e-02,8.209837090180658326e-01,-2.449378334874048047e-01,5.710291120423590877e-18,-6.956091625072714595e-18,9.695387860867126228e-01
7.541241925655491063e-02,8.553870517429745801e-01,7.283226158868254252e-02,-1.803587745201688630e+00,-1.147578081919913839e-01,2.652215495873145645e+00,1.009689999627301882e+00,2.002232342352393973e-02,-2.001816395415708175e-02,1.180851470622483468e-02,1.536214938865291396e-02,8.209837090180658326e-01,-2.449378334874048047e-01,2.328321207804911198e-18,6.430778655343605144e-18,9.695387860867126228e-01
7.896873748259025660e-02,8.973946335759200865e-01,7.054536494549543124e-02,-1.768730202739974278e+00,-1.181073527048560889e-01,2.656357111835689455e+00,1.013206412701270098e+00,2.002016873361577715e-02,-2.001692046675121808e-02,1.180851470622483468e-02,1.536214938865291396e-02,8.209837090180658326e-01,-2.449378334874048047e-01,-2.469165077374730622e-17,-1.709064858441550858e-17,9.695387860867126228e-01
8.282198978099333808e-02,9.404557493990729489e-01,6.900187801899028417e-02,-1.731749974518799862e+00,-1.203590817582038397e-01,2.661494429358014724e+00,1.016002029955158426e+00,2.001875401624690631e-02,-2.001522238828527811e-02,1.180851470622483468e-02,1.536214938865291396e-02,8.209837090180658326e-01,-2.449378334874048047e-01,-3.023484414455170622e-17,1.654913006791442355e-17,9.695387860867126228e-01
8.635051537791064991e-02,9.820831606571661654e-01,6.657858066940328112e-02,-1.696222124572450918e+00,-1.218103127369714600e-01,2.665939365465677113e+00,1.017664888079231389e+00,2.001678625829143160e-02,-2.001433838043528701e-02,1.180851470622483468e-02,1.536214938865291396e-02,8.209837090180658326e-01,-2.449378334874048047e-01,-1.337539322711477799e-17,3.339022194179467903e-17,9.695387860867126228e-01
8.946250575288947071e-02,1.026362979822065702e+00,6.385248629263827469e-02,-1.656531580106838319e+00,-1.220956677670909513e-01,2.671435324069724615e+00,1.017801156968372700e+00,2.001510335119235581e-02,-2.001340881583937512e-02,1.180851470622483468e-02,1.536214938865291396e-02,8.209837090180658326e-01,-2.449378334874048047e-01,-3.055115563679458596e-18,4.267665839618914331e-17,9.695387860867126228e-01
4.512791824197541490e-02,5.783010226647348206e-01,7.809583323498317520e-02,-1.940078965501465635e+00,-7.304732362509655519e-02,2.506575275912597878e+00,9.562935414179090099e-01,1.999917328556813020e-02,-2.000784130116541396e-02,1.180851470622483468e-02,1.536214938865291396e-02,8.209837090180658326e-01,-2.449378334874048047e-01,-2.167840273242469205e-17,3.564124749034745042e-17,9.695387860867126228e-01
4.469464696496371764e-02,6.044652981870842767e-01,7.757584347661920787e-02,-1.939801408871646649e+00,-7.519656577215434734e-02,2.542357998463197433e+00,9.561831939851787032e-01,2.000010395267631455e-02,-2.000632251787032301e-02,1.180851470622483468e-02,1.536214938865291396e-02,8.209837090180658326e-01,-2.449378334874048047e-01,-3.308338316829376334e-18,3.872039929161288426e-17,9.695387860867126228e-01
4.572431522328253284e-02,6.377141788253123389e-01,7.657573175920255604e-02,-1.931446492698976503e+00,-8.038820306802903215e-02,2.571487966190592278e+00,9.596651091140677714e-01,2.000065116277957231e-02,-2.000523606358184034e-02,1.180851470622483468e-02,1.536214938865291396e-02,8.209837090180658326e-01,-2.449378334874048047e-01,-1.914547984773752865e-18,2.858369011893999933e-17,9.695387860867126228e-01
4.764262640725975412e-02,6.715976832965393495e-01,7.549338767325054766e-02,-1.918899122227923915e+00,-8.637258897097024879e-02,2.592185831721847133e+00,9.650535368329041797e-01,2.000114095244887383e-02,-2.000425220030922421e-02,1.180851470622483468e-02,1.536214938865291396e-02,8.209837090180658326e-01,-2.449378334874048047e-01,-2.567098987921950077e-17,-5.086096177554452000e-18,9.695387860867126228e-01
5.086426636775267379e-02,7.099232306182459151e-01,7.506138261640037113e-02,-1.898194580645154339e+00,-9.263611582244594966e-02,2.609581310373612961e+00,9.721521012386455940e-01,2.000202749215079789e-02,-2.000291322176554060e-02,1.180851470622483468e-02,1.536214938865291396e-02,8.209837090180658326e-01,-2.449378334874048047e-01,-2.677247442432185163e-17,1.934973382454485767e-17,9.695387860867126228e-01
5.449305316376978209e-02,7.467908280692979739e-01,7.391145596042383858e-02,-1.876496221428173961e+00,-9.877477285357022518e-02,2.621045576689274181e+00,9.794789212946112267e-01,2.000209767824396787e-02,-2.000242850894487848e-02,1.180851470622483468e-02,1.536214938865291396e-02,8.209837090180658326e-01,-2.449378334874048047e-01,-1.913231557907535745e-17,2.723788489642092544e-17,9.695387860867126228e-01
5.825951330983922261e-02,7.847725268709907498e-01,7.230524273999554274e-02,-1.852028285241302141e+00,-1.038621549216764556e-01,2.632518730710098342e+00,9.855903184974270648e-01,2.000203407129381994e-02,-2.000211235650776673e-02,1.180851470622483468e-02,1.536214938865291396e-02,8.209837090180658326e-01,-2.449378334874048047e-01,7.352760176962027758e-18,5.528927170290951533e-17,9.695387860867126228e-01
6.245195782450420341e-02,8.254061865562516420e-01,7.097469314824154940e-02,-1.822993317433903249e+00,-1.080689606888289717e-01,2.643331679808092805e+00,9.910231156892882476e-01,2.000224040997828495e-02,-2.000155818233713065e-02,1.180851470622483468e-02,1.536214938865291396e-02,8.209837090180658326e-01,-2.449378334874048047e-01,-7.744125265359711806e-19,3.628591721280577231e-17,9.695387860867126228e-01
6.680711706158753982e-02,8.644564574379792754e-01,6.940367081426450369e-02,-1.794678165006243775e+00,-1.116511598566608532e-01,2.651439670167973883e+00,9.960191500810392506e-01,2.000214469182881941e-02,-2.000133520907742754e-02,1.180851470622483468e-02,1.536214938865291396e-02,8.209837090180658326e-01,-2.449378334874048047e-01,-6.004027804285318859e-19,2.303679471029235319e-18,9.695387860867126228e-01
7.076082821489894370e-02,9.049186780603996061e-01,6.671642921364932810e-02,-1.763769290996089589e+00,-1.141474218498079313e-01,2.660535745314237754e+00,9.991765299519299592e-01,2.000158997734237387e-02,-2.000159793358577409e-02,1.180851470622483468e-02,1.536214938865291396e-02,8.209837090180658326e-01,-2.449378334874048047e-01,-1.540991318435400457e-18,4.898612015129431830e-17,9.695387860867126228e-01
7.451644919935013212e-02,9.450763737636539430e-01,6.438940734560555379e-02,-1.732686806818431569e+00,-1.153045555393385491e-01,2.668611869120451896e+00,1.000853115451921571e+00,2.000137921173814060e-02,-2.000154120130727409e-02,1.180851470622483468e-02,1.536214938865291396e-02,8.209837090180658326e-01,-2.449378334874048047e-01,7.276428251350024243e-19,3.134968478735334328e-17,9.695387860867126228e-01
7.826032322645243289e-02,9.868701156441205269e-01,6.211328723540139596e-02,-1.698722370886874833e+00,-1.158237643381983262e-01,2.676688952787998677e+00,1.001881453122995813e+00,2.000120691799444836e-02,-2.000146847391680305e-02,1.180851470622483468e-02,1.536214938865291396e-02,8.209837090180658326e-01,-2.449378334874048047e-01,-1.263623787282405433e-18,3.933981153586908992e-17,9.695387860867126228e-01
8.225322426376986684e-02,1.030244713715478433e+00,6.032944384815741579e-02,-1.661595025075141230e+00,-1.162218796685739602e-01,2.682972183674822375e+00,1.003120311855113966e+00,2.000129805286368981e-02,-2.000115293624743149e-02,1.180851470622483468e-02,1.536214938865291396e-02,8.209837090180658326e-01,-2.449378334874048047e-01,-2.624607473610899504e-18,3.651228062396100534e-17,9.695387860867126228e-01
3.319898587893354430e-02,5.472293309363327474e-01,6.895558699023109084e-02,-1.972832001756225528e+00,-6.041295994794776414e-02,2.510385680929841712e+00,9.270906531086439140e-01,1.999603624877861752e-02,-2.000451806197958357e-02,1.180851470622483468e-02,1.536214938865291396e-02,8.209837090180658326e-01,-2.449378334874048047e-01,-1.116285479514840730e-17,3.851731687573395881e-17,9.695387860867126228e-01
3.282664770413342564e-02,5.506230346952878385e-01,7.077176553679066784e-02,-1.976547984011937764e+00,-6.101895204288489832e-02,2.527019927180825132e+00,9.278435841283544372e-01,1.999761554542664466e-02,-2.000289268024411579e-02,1.180851470622483468e-02,1.536214938865291396e-02,8.209837090180658326e-01,-2.449378334874048047e-01,-1.131726000257671875e-17,3.406149753524144325e-17,9.695387860867126228e-01
3.368629047838177237e-02,5.572189323706184805e-01,7.231180091880118344e-02,-1.974482215478573943e+00,-6.377747274155877444e-02,2.535648578876417147e+00,9.320061270247943508e-01,1.999837393510670025e-02,-2.000209172875143382e-02,1.180851470622483468e-02,1.536214938865291396e-02,8.209837090180658326e-01,-2.449378334874048047e-01,-1.004486219878004251e-17,3.877382735679729771e-17,9.695387860867126228e-01
3.570316986750577543e-02,5.899596422089267156e-01,7.260634603370247353e-02,-1.961038004553743885e+00,-6.915726331963245599e-02,2.554979212041089021e+00,9.382052339790430961e-01,1.999901082554171247e-02,-2.000141590716507031e-02,1.180851470622483468e-02,1.536214938865291396e-02,8.209837090180658326e-01,-2.449378334874048047e-01,-8.852741393239167011e-18,3.471865586475126758e-17,9.695387860867126228e-01
3.826856561909646598e-02,6.274445419154121018e-01,7.234071121390138470e-02,-1.941636214495488844e+00,-7.573994705706192654e-02,2.571153886341836614e+00,9.454205661728393162e-01,1.999953948044552385e-02,-2.000085156962794555e-02,1.180851470622483468e-02,1.536214938865291396e-02,8.209837090180658326e-01,-2.449378334874048047e-01,-1.371744040023564883e-17,4.529527900453200192e-17,9.695387860867126228e-01
4.107960525848976946e-02,6.653189074083506460e-01,7.181478762792017911e-02,-1.919482492823008091e+00,-8.198529457947166532e-02,2.583740718273121129e+00,9.523357518662518562e-01,1.999985534467139600e-02,-2.000050301659347940e-02,1.180851470622483468e-02,1.536214938865291396e-02,8.209837090180658326e-01,-2.449378334874048047e-01,-7.520457046225519140e-18,1.528089694234332126e-17,9.695387860867126228e-01
4.452502237440391503e-02,7.057100236671768334e-01,7.157813988826013107e-02,-1.892454769775253176e+00,-8.771695542340142426e-02,2.595208050732315197e+00,9.592136052895005038e-01,2.000042296229441116e-02,-1.999990549693354477e-02,1.180851470622483468e-02,1.536214938865291396e-02,8.209837090180658326e-01,-2.449378334874048047e-01,-1.319212571519961710e-17,3.793327298818242059e-17,9.695387860867126228e-01
4.787654220310651881e-02,7.431606575304079421e-01,7.039581764132497865e-02,-1.867561906229093571e+00,-9.275633021616237761e-02,2.603783161196601359e+00,9.650994088205614441e-01,2.000021818707263532e-02,-2.000008282262437723e-02,1.180851470622483468e-02,1.536214938865291396e-02,8.209837090180658326e-01,-2.449378334874048047e-01,1.528941440444546762e-17,1.657579053384696774e-17,9.695387860867126228e-01
5.172192939980070625e-02,7.841884750797399883e-01,6.961345457554012073e-02,-1.837591579387853002e+00,-9.701661534935400455e-02,2.614742814047407382e+00,9.704788808588998839e-01,2.000061566166042026e-02,-1.999966027165357013e-02,1.180851470622483468e-02,1.536214938865291396e-02,8.209837090180658326e-01,-2.449378334874048047e-01,3.364865964853530475e-18,3.118916706050585903e-17,9.695387860867126228e-01
5.595764955818807729e-02,8.257692199709557590e-01,6.863782183855481056e-02,-1.805715079643813947e+00,-1.010552218334921232e-01,2.623283084316239133e+00,9.758985511972939619e-01,2.000080020126442093e-02,-1.999945273796090162e-02,1.180851470622483468e-02,1.536214938865291396e-02,8.209837090180658326e-01,-2.449378334874048047e-01,-4.170015555658805606e-18,3.513620211717569026e-17,9.695387860867126228e-01
6.059201286419980265e-02,8.681568012619921282e-01,6.766964853491169718e-02,-1.771481220729885786e+00,-1.047591717583466892e-01,2.630462453288537894e+00,9.813349576815754149e-01,2.000106059662242267e-02,-1.999917130427819253e-02,1.180851470622483468e-02,1.536214938865291396e-02,8.209837090180658326e-01,-2.449378334874048047e-01,-8.552686597736148720e-18,3.948777655444357456e-17,9.695387860867126228e-01
6.487869127538556380e-02,9.080201930296805113e-01,6.571686149030572799e-02,-1.739705727949914849e+00,-1.076550371912195769e-01,2.636202236287096490e+00,9.855488467891559967e-01,2.000063825224491360e-02,-1.999957429953586052e-02,1.180851470622483468e-02,1.536214938865291396e-02,8.209837090180658326e-01,-2.449378334874048047e-01,9.267208728268122980e-19,4.169197831455651531e-17,9.695387860867126228e-01
6.942133379161941065e-02,9.474284833375775650e-01,6.453639326728402570e-02,-1.708710892045786300e+00,-1.097348899417428664e-01,2.643977955679679859e+00,9.893950645880746908e-01,2.000087236781368169e-02,-1.999932250548547633e-02,1.180851470622483468e-02,1.536214938865291396e-02,8.209837090180658326e-01,-2.449378334874048047e-01,-4.025242020044851094e-18,2.969426594073424724e-17,9.695387860867126228e-01
7.436570773502101939e-02,9.887098983843909394e-01,6.333551149916520628e-02,-1.675207257671925465e+00,-1.119094996619714455e-01,2.652699312953862965e+00,9.937146993134973183e-01,2.000105825802322990e-02,-1.999912046870944843e-02,1.180851470622483468e-02,1.536214938865291396e-02,8.209837090180658326e-01,-2.449378334874048047e-01,-7.872756724364483590e-18,2.982809558126651902e-17,9.695387860867126228e-01
7.935629719366794899e-02,1.029850729500442652e+00,6.181396286438450849e-02,-1.641332418789793746e+00,-1.139435150192058405e-01,2.659786338076087553e+00,9.979752585428689482e-01,2.000101003689331441e-02,-1.999915383944752753e-02,1.180851470622483468e-02,1.536214938865291396e-02,8.209837090180658326e-01,-2.449378334874048047e-01,-1.075644045400848197e-17,3.539287415881494984e-17,9.695387860867126228e-01
3.799620372317037004e-02,5.775977184212461868e-01,7.153651639606126156e-02,-1.931980693313248620e+00,-6.558709559590525373e-02,2.497634202232664524e+00,9.370441867456583696e-01,1.999538029724572466e-02,-2.000466212858677262e-02,1.180851470622483468e-02,1.536214938865291396e-02,8.209837090180658326e-01,-2.449378334874048047e-01,6.413636640782849077e-18,3.491261802593912463e-17,9.695387860867126228e-01
3.772644794897389575e-02,6.043440844528236155e-01,7.136395962270958293e-02,-1.931074366286936295e+00,-6.763398168871839755e-02,2.534093011766875403e+00,9.372539900965223270e-01,1.999679464593216022e-02,-2.000324488427869876e-02,1.180851470622483468e-02,1.536214938865291396e-02,8.209837090180658326e-01,-2.449378334874048047e-01,-3.408118671365834679e-18,3.092363136944572355e-17,9.695387860867126228e-01
3.879693597765340035e-02,6.371613970700867879e-01,7.058348190301849678e-02,-1.923050686013773269e+00,-7.269809107833752337e-02,2.562732581467916937e+00,9.410459736623905114e-01,1.999756384399423853e-02,-2.000247249425769758e-02,1.180851470622483468e-02,1.536214938865291396e-02,8.209837090180658326e-01,-2.449378334874048047e-01,7.767840907389995780e-18,3.388552804158233346e-17,9.695387860867126228e-01
4.124842071673062022e-02,6.703960173329210903e-01,7.067223140877529342e-02,-1.911272759336793969e+00,-7.870465577703665561e-02,2.583398579818487306e+00,9.477564766980444144e-01,1.999877873801809633e-02,-2.000125469386379237e-02,1.180851470622483468e-02,1.536214938865291396e-02,8.209837090180658326e-01,-2.449378334874048047e-01,-1.468615407418827497e-18,3.424630310676771920e-17,9.695387860867126228e-01
4.401134139169163989e-02,7.054612411070062539e-01,6.941651651822820790e-02,-1.894840423487998970e+00,-8.496036604105297596e-02,2.600778493196902907e+00,9.546521570672443779e-01,1.999895374571316470e-02,-2.000107699698775582e-02,1.180851470622483468e-02,1.536214938865291396e-02,8.209837090180658326e-01,-2.449378334874048047e-01,-3.591830605049637891e-18,2.253763716198506633e-17,9.695387860867126228e-01
4.702902057777521433e-02,7.418217691473101283e-01,6.813922815951350964e-02,-1.874929983582087623e+00,-9.013683403937651495e-02,2.615506700072899537e+00,9.604842598491806216e-01,1.999929491908516987e-02,-2.000073334274743084e-02,1.180851470622483468e-02,1.536214938865291396e-02,8.209837090180658326e-01,-2.449378334874048047e-01,-2.299748638357213221e-17,4.129426582739932813e-17,9.695387860867126228e-01
5.063064222523478569e-02,7.799828194378257695e-01,6.727420326849485599e-02,-1.851186307473661863e+00,-9.468944934722306472e-02,2.628558741726145342e+00,9.662072166523429928e-01,1.999983128431557025e-02,-2.000019474596393884e-02,1.180851470622483468e-02,1.536214938865291396e-02,8.209837090180658326e-01,-2.449378334874048047e-01,-1.568188279405762740e-17,3.461968783673700855e-17,9.695387860867126228e-01
5.455093655480888065e-02,8.186666767683530299e-01,6.598825762675525342e-02,-1.825249693061086198e+00,-9.889448168207763679e-02,2.639492774256904983e+00,9.717409000079790804e-01,2.000001988499213249e-02,-2.000000408052101872e-02,1.180851470622483468e-02,1.536214938865291396e-02,8.209837090180658326e-01,-2.449378334874048047e-01,-8.135805022718733139e-19,3.833786064608280779e-17,9.695387860867126228e-01
5.897050407049333337e-02,8.611954689954126607e-01,6.485716555947139417e-02,-1.792724358671199392e+00,-1.026555298466687027e-01,2.649349361357981714e+00,9.771040433940874070e-01,2.000046055459182848e-02,-1.999956159368715056e-02,1.180851470622483468e-02,1.536214938865291396e-02,8.209837090180658326e-01,-2.449378334874048047e-01,-7.095080100172334780e-18,4.120054836461875817e-17,9.695387860867126228e-01
6.289464241446544868e-02,9.042290247942773584e-01,6.240403615319857489e-02,-1.757476534040054217e+00,-1.054081170802198125e-01,2.655340619465384577e+00,9.805888842897099167e-01,2.000002431630206259e-02,-1.999999609518947341e-02,1.180851470622483468e-02,1.536214938865291396e-02,8.209837090180658326e-01,-2.449378334874048047e-01,-6.568383848967189935e-18,1.490661415184925293e-17,9.695387860867126228e-01
6.685788851874072125e-02,9.475299231799275690e-01,6.090449520167449254e-02,-1.720316931186800069e+00,-1.067941487878997509e-01,2.659618444385637659e+00,9.828714559147635477e-01,2.000024819279498656e-02,-1.999977063496851185e-02,1.180851470622483468e-02,1.536214938865291396e-02,8.209837090180658326e-01,-2.449378334874048047e-01,-3.402117697478251668e-17,1.265790196951103297e-17,9.695387860867126228e-01
7.095253558609486422e-02,9.927601257545713986e-01,5.940959093059880458e-02,-1.679109377285024962e+00,-1.077803504044654859e-01,2.662686362914497007e+00,9.848605986510624577e-01,2.000031000638355025e-02,-1.999970738516480481e-02,1.180851470622483468e-02,1.536214938865291396e-02,8.209837090180658326e-01,-2.449378334874048047e-01,-1.199833401096604702e-17,4.861911756776959239e-17,9.695387860867126228e-01
7.533081918714430725e-02,1.039934975457049271e+00,5.832619646692618898e-02,-1.633569402670527415e+00,-1.085689896493313295e-01,2.663152426300235298e+00,9.869665926647329668e-01,2.000056075864884916e-02,-1.999945536162133636e-02,1.180851470622483468e-02,1.536214938865291396e-02,8.209837090180658326e-01,-2.449378334874048047e-01,-1.259675971877880039e-17,4.161673074586892477e-17,9.695387860867126228e-01
4.006136166069070026e-02,6.027535252635618512e-01,7.110807201380218989e-02,-1.890388222940154739e+00,-6.717696084750218732e-02,2.482426597415757996e+00,9.387831372592436718e-01,1.999513058479925748e-02,-2.000487532991798018e-02,1.180851470622483468e-02,1.536214938865291396e-02,8.209837090180658326e-01,-2.449378334874048047e-01,-8.351385796311480490e-18,3.398867371859005798e-17,9.695387860867126228e-01
3.947630349549866025e-02,6.291953846217029911e-01,7.046426606895822564e-02,-1.888865883873279472e+00,-6.855985160031115300e-02,2.516945858110341661e+00,9.377960154706055373e-01,1.999645116835748956e-02,-2.000355481545624051e-02,1.180851470622483468e-02,1.536214938865291396e-02,8.209837090180658326e-01,-2.449378334874048047e-01,7.242056422817688622e-18,3.742261537108025332e-17,9.695387860867126228e-01
4.050981507236290496e-02,6.614685753606098784e-01,7.003310970373839706e-02,-1.880565911190793305e+00,-7.266558657096360008e-02,2.544351562378047049e+00,9.406344800851528243e-01,1.999747144470863380e-02,-2.000253424417118217e-02,1.180851470622483468e-02,1.536214938865291396e-02,8.209837090180658326e-01,-2.449378334874048047e-01,3.433529381122139535e-18,-1.576799319775929626e-19,9.695387860867126228e-01
4.262448399174553065e-02,6.949406529778889841e-01,6.962817452577227395e-02,-1.867692766017510220e+00,-7.801500712188841336e-02,2.564485746019056212e+00,9.460685372054941089e-01,1.999834443288261293e-02,-2.000166088050157887e-02,1.180851470622483468e-02,1.536214938865291396e-02,8.209837090180658326e-01,-2.449378334874048047e-01,-1.542621638641664915e-17,-7.435505897171939782e-18,9.695387860867126228e-01
4.545094973206869476e-02,7.311065672585662645e-01,6.901651807971302677e-02,-1.848982992216575250e+00,-8.367447364863474235e-02,2.581006727759102670e+00,9.524820054165979988e-01,1.999898648775875684e-02,-2.000101850145101848e-02,1.180851470622483468e-02,1.536214938865291396e-02,8.209837090180658326e-01,-2.449378334874048047e-01,-2.121322420575921963e-17,5.633729747785620481e-18,9.695387860867126228e-01
4.923816522635024451e-02,7.686593457068104929e-01,6.896489559481687459e-02,-1.826269469011703395e+00,-8.923051502359356790e-02,2.593760375713344501e+00,9.598437699334195772e-01,1.999990387562562005e-02,-2.000010088197077401e-02,1.180851470622483468e-02,1.536214938865291396e-02,8.209837090180658326e-01,-2.449378334874048047e-01,-2.037522704056242033e-17,2.421682509516054424e-17,9.695387860867126228e-01
5.314480147946478578e-02,8.068395481765399113e-01,6.790249477245483001e-02,-1.800835832162516637e+00,-9.445829733889507529e-02,2.604091442535206191e+00,9.666464443025756248e-01,1.999996731933005242e-02,-2.000003719060567536e-02,1.180851470622483468e-02,1.536214938865291396e-02,8.209837090180658326e-01,-2.449378334874048047e-01,-8.134704134625325669e-18,3.182899001836555793e-17,9.695387860867126228e-01
5.673153554509798718e-02,8.436200641706185221e-01,6.624768500817823647e-02,-1.775971196023095722e+00,-9.829755878862067586e-02,2.612948164578891674e+00,9.715084897662167318e-01,1.999978576718097756e-02,-2.000021847415686324e-02,1.180851470622483468e-02,1.536214938865291396e-02,8.209837090180658326e-01,-2.449378334874048047e-01,1.335558002453385203e-17,3.786126906175631364e-17,9.695387860867126228e-01
6.013943592319345027e-02,8.808565177377619682e-01,6.444717678411727990e-02,-1.750259895769951113e+00,-1.008163280837374304e-01,2.623247151379396680e+00,9.746954041104757271e-01,1.999967564224552560e-02,-2.000032831440873640e-02,1.180851470622483468e-02,1.536214938865291396e-02,8.209837090180658326e-01,-2.449378334874048047e-01,-4.543855859087086185e-18,2.648305950706996347e-17,9.695387860867126228e-01
6.417629713682924952e-02,9.209117309576063670e-01,6.353539219895171231e-02,-1.720443567844171850e+00,-1.029970375941232502e-01,2.633962907855686542e+00,9.781995020205855873e-01,2.000020536462551388e-02,-1.999979848334127938e-02,1.180851470622483468e-02,1.536214938865291396e-02,8.209837090180658326e-01,-2.449378334874048047e-01,-8.883149536813355713e-18,3.399244810270548587e-17,9.695387860867126228e-01
6.869733218861122370e-02,9.605424234210729884e-01,6.252636491953542097e-02,-1.690130649564483001e+00,-1.055383754515779177e-01,2.642038603018539877e+00,9.826680395975723181e-01,2.000048607277401733e-02,-1.999951761232920955e-02,1.180851470622483468e-02,1.536214938865291396e-02,8.209837090180658326e-01,-2.449378334874048047e-01,-9.362369897883249631e-18,3.020106204415317226e-17,9.695387860867126228e-01
7.350320593233589106e-02,1.002911590658079888e+00,6.124970940324667851e-02,-1.654976353031799796e+00,-1.080686939754801762e-01,2.649585793678049583e+00,9.872818661908292492e-01,2.000068935584194824e-02,-1.999931420262796716e-02,1.180851470622483468e-02,1.536214938865291396e-02,8.209837090180658326e-01,-2.449378334874048047e-01,-9.548047248846860237e-18,2.716701225424749458e-17,9.695387860867126228e-01
7.782708904398168148e-02,1.046466317885543784e+00,5.919157429395519032e-02,-1.616698482532042958e+00,-1.097500528280435927e-01,2.654108421089684366e+00,9.903909148132060691e-01,2.000035254565692838e-02,-1.999965083976159436e-02,1.180851470622483468e-02,1.536214938865291396e-02,8.209837090180658326e-01,-2.449378334874048047e-01,-1.108833919074401617e-17,-1.571501343295544383e-17,9.695387860867126228e-01
4.131732040366708353e-02,5.966897194020909234e-01,7.404987407126369103e-02,-1.898714404333574635e+00,-6.822202734943304259e-02,2.482728061520851348e+00,9.431025894139638543e-01,1.999537091169696287e-02,-2.000463190431830962e-02,1.180851470622483468e-02,1.536214938865291396e-02,8.209837090180658326e-01,-2.449378334874048047e-01,-7.940559103676490449e-18,8.255390173143630620e-18,9.695387860867126228e-01
4.159534677243810485e-02,6.198547250091718253e-01,7.441395439935334644e-02,-1.902607168266437609e+00,-7.071519041932990135e-02,2.519711846409337763e+00,9.448115330693349634e-01,1.999667108731708817e-02,-2.000333214974733820e-02,1.180851470622483468e-02,1.536214938865291396e-02,8.209837090180658326e-01,-2.449378334874048047e-01,-1.301739164538611272e-17,2.835104460746674936e-17,9.695387860867126228e-01
4.336172332465020041e-02,6.503535986785780043e-01,7.431459026373911370e-02,-1.898536091785786306e+00,-7.642934680294483085e-02,2.551149364742461234e+00,9.505208573324671617e-01,1.999762520670357244e-02,-2.000237796016023431e-02,1.180851470622483468e-02,1.536214938865291396e-02,8.209837090180658326e-01,-2.449378334874048047e-01,-1.423375346346865813e-17,3.630067884329984933e-17,9.695387860867126228e-01
4.556922720642444385e-02,6.849435474982042971e-01,7.301151659808785555e-02,-1.886208235940399103e+00,-8.291571684002453646e-02,2.575123269995358566e+00,9.568869863102001938e-01,1.999800796184896326e-02,-2.000199502889539460e-02,1.180851470622483468e-02,1.536214938865291396e-02,8.209837090180658326e-01,-2.449378334874048047e-01,1.333231421296899624e-17,1.188542852991600667e-17,9.695387860867126228e-01
4.807260911791938485e-02,7.191481237216633682e-01,7.178878003667257812e-02,-1.870797710664362734e+00,-8.840593284041918520e-02,2.591278852693962964e+00,9.625398896224489631e-01,1.999849946909978970e-02,-2.000150336095776749e-02,1.180851470622483468e-02,1.536214938865291396e-02,8.209837090180658326e-01,-2.449378334874048047e-01,-1.697091998576105047e-17,4.190303465403848898e-17,9.695387860867126228e-01
5.151181535433057429e-02,7.556282307057394787e-01,7.133677834328169820e-02,-1.850515267393001650e+00,-9.340087639264151032e-02,2.605680747361391880e+00,9.687251318561866942e-01,1.999938676460370421e-02,-2.000061599300004614e-02,1.180851470622483468e-02,1.536214938865291396e-02,8.209837090180658326e-01,-2.449378334874048047e-01,-1.669909752296591461e-17,4.630906059653894984e-17,9.695387860867126228e-01
5.576266652149919345e-02,7.937279750280645807e-01,7.077785049008991636e-02,-1.826370300590753226e+00,-9.857352368364555306e-02,2.617654448222480834e+00,9.758069727938125659e-01,2.000002623095977969e-02,-1.999997647975928355e-02,1.180851470622483468e-02,1.536214938865291396e-02,8.209837090180658326e-01,-2.449378334874048047e-01,-1.287505529751899573e-17,3.940301273978204043e-17,9.695387860867126228e-01
5.999578855900725149e-02,8.335121243890151188e-01,6.914644563456918969e-02,-1.798291832107430599e+00,-1.032597967068871331e-01,2.627695517687919757e+00,9.819492352866260321e-01,1.999999045107390613e-02,-2.000001218191481064e-02,1.180851470622483468e-02,1.536214938865291396e-02,8.209837090180658326e-01,-2.449378334874048047e-01,9.995985934167078886e-18,4.260983978782315925e-17,9.695387860867126228e-01
6.427629662001560495e-02,8.757252518111835471e-01,6.763850572077570455e-02,-1.765258089803694475e+00,-1.067705393448928342e-01,2.635658120582259567e+00,9.867005654683610461e-01,2.000018715735863567e-02,-1.999981541020994305e-02,1.180851470622483468e-02,1.536214938865291396e-02,8.209837090180658326e-01,-2.449378334874048047e-01,1.479067927393261691e-17,3.722400845301953493e-17,9.695387860867126228e-01
6.851808275666215753e-02,9.177495871897588531e-01,6.609503944433527123e-02,-1.730743794722112039e+00,-1.093425673132152193e-01,2.640761488210887187e+00,9.904334357664951183e-01,2.000021627671429159e-02,-1.999978620713689995e-02,1.180851470622483468e-02,1.536214938865291396e-02,8.209837090180658326e-01,-2.449378334874048047e-01,-2.506469206418469654e-17,1.748388978259799734e-17,9.695387860867126228e-01
7.298851711640447215e-02,9.595471005521143404e-01,6.493486955922868342e-02,-1.695439854891093390e+00,-1.113452352422099750e-01,2.645201466240710619e+00,9.939489794312634796e-01,2.000044288656928348e-02,-1.999955955011356590e-02,1.180851470622483468e-02,1.536214938865291396e-02,8.209837090180658326e-01,-2.449378334874048047e-01,-1.883306208680515587e-17,2.915802272677600820e-17,9.695387860867126228e-01
7.726099098954269939e-02,1.003281671998681901e+00,6.300863483269550369e-02,-1.656546796063303351e+00,-1.128425001889211271e-01,2.649505443181866760e+00,9.965683060241358193e-01,2.000020225229617865e-02,-1.999980010554401957e-02,1.180851470622483468e-02,1.536214938865291396e-02,8.209837090180658326e-01,-2.449378334874048047e-01,-6.043633509800996402e-18,3.882172804328490481e-17,9.695387860867126228e-01
8.088204559132786131e-02,1.049062368100022846e+00,6.057593935014469327e-02,-1.613471977041759819e+00,-1.131606561682737822e-01,2.651718703072525329e+00,9.971500726081505839e-01,1.999979044020001179e-02,-2.000021181767067460e-02,1.180851470622483468e-02,1.536214938865291396e-02,8.209837090180658326e-01,-2.449378334874048047e-01,-4.289399757315636613e-18,3.418201023354940476e-17,9.695387860867126228e-01
8.421685634231212969e-02,1.060045031540731486e+00,6.168533408268467993e-02,-1.590944816925000893e+00,-1.124462046814056065e-01,2.635214430304626543e+00,9.984682664044933764e-01,2.000062802282179253e-02,-1.999937414922375520e-02,1.180851470622483468e-02,1.536214938865291396e-02,8.209837090180658326e-01,-2.449378334874048047e-01,-7.927344308484886948e-18,3.323463011285310791e-17,9.695387860867126228e-01
4.075863226455435362e-02,6.077249547894004733e-01,7.231754877015576788e-02,-1.875248593656846818e+00,-6.684971541962890507e-02,2.469454415970570249e+00,9.391403509748239564e-01,1.999486485922642720e-02,-2.000513788225584746e-02,1.180851470622483468e-02,1.536214938865291396e-02,8.209837090180658326e-01,-2.449378334874048047e-01,-1.090100987485921760e-19,2.776783479152310108e-17,9.695387860867126228e-01
4.085531745939798703e-02,6.331236983571298937e-01,7.277390397130967248e-02,-1.876215020645949139e+00,-6.907076798121691841e-02,2.507418078853141274e+00,9.402882300192183518e-01,1.999644840643602720e-02,-2.000355493660316286e-02,1.180851470622483468e-02,1.536214938865291396e-02,8.209837090180658326e-01,-2.449378334874048047e-01,-6.998068537132202544e-18,3.792146409291639644e-17,9.695387860867126228e-01
4.274424034598994088e-02,6.668467236696140610e-01,7.304419335503532784e-02,-1.867096078259234071e+00,-7.474347144880265359e-02,2.537406163184698027e+00,9.460181504183459156e-01,1.999764347560403430e-02,-2.000235987657465395e-02,1.180851470622483468e-02,1.536214938865291396e-02,8.209837090180658326e-01,-2.449378334874048047e-01,-1.373957700202412553e-17,5.373667911590687470e-17,9.695387860867126228e-01
4.552305859388369041e-02,7.008058794551073056e-01,7.281780493795252107e-02,-1.853557358629848606e+00,-8.140448170689255913e-02,2.556849820077313762e+00,9.536344163207141067e-01,1.999841027865191870e-02,-2.000159292274568054e-02,1.180851470622483468e-02,1.536214938865291396e-02,8.209837090180658326e-01,-2.449378334874048047e-01,-2.585524664056101774e-17,1.939498799448690546e-17,9.695387860867126228e-01
4.862927753716440871e-02,7.354231059769087420e-01,7.215421538177399507e-02,-1.836354665434829725e+00,-8.755744814603338977e-02,2.571913715457226690e+00,9.609178104296826062e-01,1.999885002926202193e-02,-2.000115304264168253e-02,1.180851470622483468e-02,1.536214938865291396e-02,8.209837090180658326e-01,-2.449378334874048047e-01,-2.351711211830933390e-18,2.917701310628644632e-17,9.695387860867126228e-01
5.146028729708518323e-02,7.706617191888349705e-01,7.040638025810297407e-02,-1.816571955645696068e+00,-9.238827551052120057e-02,2.584925717566995740e+00,9.660659918933711676e-01,1.999872675948114256e-02,-2.000127616886208937e-02,1.180851470622483468e-02,1.536214938865291396e-02,8.209837090180658326e-01,-2.449378334874048047e-01,1.288653386614620517e-17,-7.471413725147301567e-18,9.695387860867126228e-01
5.488537829989958289e-02,8.065331603517298387e-01,6.973876074609140774e-02,-1.794942029657343507e+00,-9.607679916067486670e-02,2.597108231684174484e+00,9.707818237083460922e-01,1.999939430807672405e-02,-2.000060851289474362e-02,1.180851470622483468e-02,1.536214938865291396e-02,8.209837090180658326e-01,-2.449378334874048047e-01,8.690720501552086444e-18,9.136897609345552315e-18,9.695387860867126228e-01
5.837422370637977004e-02,8.459576361597245242e-01,6.790191125009896467e-02,-1.767553011131483220e+00,-9.953531474763620268e-02,2.609040572414554227e+00,9.748006644755367045e-01,1.999929903896481911e-02,-2.000070364484974120e-02,1.180851470622483468e-02,1.536214938865291396e-02,8.209837090180658326e-01,-2.449378334874048047e-01,6.957023182986382284e-18,2.457474979979591468e-17,9.695387860867126228e-01
6.253878748719622627e-02,8.874993355760978364e-01,6.710254056178344140e-02,-1.735606931858274971e+00,-1.024897248069366745e-01,2.617620816677945772e+00,9.790549945398447917e-01,2.000001161285034149e-02,-1.999999106269362975e-02,1.180851470622483468e-02,1.536214938865291396e-02,8.209837090180658326e-01,-2.449378334874048047e-01,-3.017899480103485250e-18,3.988820449264499857e-17,9.695387860867126228e-01
6.676555767164192579e-02,9.275722809692029669e-01,6.563289638998587305e-02,-1.703817460956688512e+00,-1.053036150566480228e-01,2.623010479143371487e+00,9.832608607968994496e-01,1.999999266344329452e-02,-2.000000991074842721e-02,1.180851470622483468e-02,1.536214938865291396e-02,8.209837090180658326e-01,-2.449378334874048047e-01,-3.425283766385352847e-18,1.188154103359816635e-17,9.695387860867126228e-01
7.143010937167927621e-02,9.681387112550308149e-01,6.477637266362468171e-02,-1.670623289262873845e+00,-1.077630199723555310e-01,2.628925590456400840e+00,9.876814214567400940e-01,2.000045521566612416e-02,-1.999954733203950993e-02,1.180851470622483468e-02,1.536214938865291396e-02,8.209837090180658326e-01,-2.449378334874048047e-01,-1.112298170563234812e-17,4.216427025553857178e-17,9.695387860867126228e-01
7.568897459319726129e-02,1.007767489470988487e+00,6.276475838033238053e-02,-1.638225952551840559e+00,-1.097620319711149761e-01,2.634525313403025759e+00,9.911547407434572188e-01,2.000004243297640386e-02,-1.999996000953871075e-02,1.180851470622483468e-02,1.536214938865291396e-02,8.209837090180658326e-01,-2.449378334874048047e-01,1.186166662112921067e-17,4.246716731422089149e-17,9.695387860867126228e-01
7.944166596388811674e-02,1.051356688533575889e+00,6.046263645441066897e-02,-1.599764471258459109e+00,-1.104989503332562961e-01,2.640906972605765013e+00,9.925481147901560330e-01,1.999974874339978392e-02,-2.000025359255031346e-02,1.180851470622483468e-02,1.536214938865291396e-02,8.209837090180658326e-01,-2.449378334874048047e-01,5.963786001751790147e-18,1.493303761249140330e-17,9.695387860867126228e-01
3.827102223740370263e-02,6.056927251712428406e-01,7.045210165978298134e-02,-1.872126533310135121e+00,-6.447576052964099080e-02,2.466707550089075607e+00,9.330853800132715703e-01,1.999526573124125670e-02,-2.000473687014944421e-02,1.180851470622483468e-02,1.536214938865291396e-02,8.209837090180658326e-01,-2.449378334874048047e-01,6.084147008896956655e-18,2.819121959635643253e-17,9.695387860867126228e-01
3.835677373176226562e-02,6.303397903770381339e-01,7.061576188458530690e-02,-1.873471069330471028e+00,-6.651036676447757978e-02,2.502730303149835134e+00,9.339961183430490754e-01,1.999655309093742797e-02,-2.000344990454894570e-02,1.180851470622483468e-02,1.536214938865291396e-02,8.209837090180658326e-01,-2.449378334874048047e-01,-9.570803625916451365e-18,1.238940265792089447e-17,9.695387860867126228e-01
3.934216210684818998e-02,6.609190973782640421e-01,6.964368133853757192e-02,-1.868010856542314801e+00,-7.121588554366951873e-02,2.531625961915605405e+00,9.375325180204838738e-01,1.999707758164705196e-02,-2.000292523148107168e-02,1.180851470622483468e-02,1.536214938865291396e-02,8.209837090180658326e-01,-2.449378334874048047e-01,-1.583747892086072994e-17,8.037046458826032998e-18,9.695387860867126228e-01
4.151515086398974846e-02,6.942907233550105195e-01,6.944813897437654426e-02,-1.856154222587599545e+00,-7.645710832630998877e-02,2.553719085075297990e+00,9.430560313902286440e-01,1.999820833331312359e-02,-2.000179437457629342e-02,1.180851470622483468e-02,1.536214938865291396e-02,8.209837090180658326e-01,-2.449378334874048047e-01,-2.082023297912705518e-17,3.189609239962875184e-17,9.695387860867126228e-01
4.460060682380754399e-02,7.298279482922593875e-01,6.917892920179756489e-02,-1.838652098791999867e+00,-8.216499992810591402e-02,2.570428024908212095e+00,9.499689546579657140e-01,1.999900315591764122e-02,-2.000099946419814020e-02,1.180851470622483468e-02,1.536214938865291396e-02,8.209837090180658326e-01,-2.449378334874048047e-01,-1.501127092614981252e-17,2.956995441592423747e-17,9.695387860867126228e-01
4.803016639724092679e-02,7.679494660960103358e-01,6.837771876710208030e-02,-1.815282397242705459e+00,-8.763373314642550205e-02,2.583409159619702855e+00,9.566486858165521578e-01,1.999938201280744912e-02,-2.000062053151754893e-02,1.180851470622483468e-02,1.536214938865291396e-02,8.209837090180658326e-01,-2.449378334874048047e-01,-1.554656510373826308e-17,3.625833405391010045e-17,9.695387860867126228e-01
5.201984535896567868e-02,8.056130960587832845e-01,6.803981951195885169e-02,-1.790305365842722818e+00,-9.240380225902349032e-02,2.592656359013278067e+00,9.632357279442341769e-01,2.000000945099087574e-02,-1.999999304092828570e-02,1.180851470622483468e-02,1.536214938865291396e-02,8.209837090180658326e-01,-2.449378334874048047e-01,-1.225521123766480735e-17,3.693051857915830018e-17,9.695387860867126228e-01
5.587698112035442005e-02,8.458237553811516207e-01,6.655714223377227901e-02,-1.760500988003854683e+00,-9.652486791113784603e-02,2.601560155091081405e+00,9.685142475160934961e-01,1.999986282337468807e-02,-2.000013959281364551e-02,1.180851470622483468e-02,1.536214938865291396e-02,8.209837090180658326e-01,-2.449378334874048047e-01,7.783932268616324549e-18,3.708933843441550874e-17,9.695387860867126228e-01
6.020409785487035315e-02,8.879491294161311332e-01,6.594521330187437524e-02,-1.726564135973469361e+00,-9.974000548053343906e-02,2.608079538729948244e+00,9.733073529676971036e-01,2.000043242409831057e-02,-1.999956999074090080e-02,1.180851470622483468e-02,1.536214938865291396e-02,8.209837090180658326e-01,-2.449378334874048047e-01,-1.191738489708831345e-18,3.441665838095270404e-17,9.695387860867126228e-01
6.413744419076861103e-02,9.291532171528351647e-01,6.416675297437555991e-02,-1.692233170244355156e+00,-1.023105698485628628e-01,2.612201369133955620e+00,9.768635317655115502e-01,2.000002957755897190e-02,-1.999997274943806844e-02,1.180851470622483468e-02,1.536214938865291396e-02,8.209837090180658326e-01,-2.449378334874048047e-01,-7.735128208447668792e-18,3.321616397087161880e-17,9.695387860867126228e-01
6.769832927409916157e-02,9.711662560690906831e-01,6.227815972209791578e-02,-1.655924668241529618e+00,-1.035702789784305466e-01,2.616593674963071159e+00,9.786166791443022817e-01,1.999981724495458746e-02,-2.000018497371503293e-02,1.180851470622483468e-02,1.536214938865291396e-02,8.209837090180658326e-01,-2.449378334874048047e-01,7.344674558237090905e-18,3.647383913991927445e-17,9.695387860867126228e-01
7.105205236694153714e-02,1.012218800938133434e+00,6.055439727200050831e-02,-1.620391798446066067e+00,-1.039756815344737018e-01,2.620356224047496685e+00,9.794132085221869399e-01,1.999967247820850710e-02,-2.000032962643776002e-02,1.180851470622483468e-02,1.536214938865291396e-02,8.209837090180658326e-01,-2.449378334874048047e-01,2.021291317254411797e-18,3.667794091175401432e-17,9.695387860867126228e-01
7.458310930577535802e-02,1.056886195097776371e+00,5.914683275777921773e-02,-1.579104168826642951e+00,-1.042508703520973190e-01,2.624476529279967885e+00,9.801427893468885877e-01,1.999978789560349565e-02,-2.000021417979207586e-02,1.180851470622483468e-02,1.536214938865291396e-02,8.209837090180658326e-01,-2.449378334874048047e-01,-8.370050793563595894e-18,1.296346663888482392e-17,9.695387860867126228e-01
7.799359187585538922e-02,1.070993392785698273e+00,5.990374321608741420e-02,-1.552242813764578955e+00,-1.039942970866472305e-01,2.609651812616874622e+00,9.818624291407180849e-01,2.000046478997940733e-02,-1.999953721200254525e-02,1.180851470622483468e-02,1.536214938865291396e-02,8.209837090180658326e-01,-2.449378334874048047e-01,-1.603406973056768483e-17,4.329999534469058783e-17,9.695387860867126228e-01
8.151052155059698712e-02,1.078275580392919597e+00,6.068340028049480639e-02,-1.533314853877631778e+00,-1.038433676280105383e-01,2.598420452007650816e+00,9.845662444636166244e-01,2.000055611047730705e-02,-1.999944581443131864e-02,1.180851470622483468e-02,1.536214938865291396e-02,8.209837090180658326e-01,-2.449378334874048047e-01,-1.494377044450574183e-17,4.775385495016153851e-17,9.695387860867126228e-01
4.333121787968403915e-02,6.615305231503399996e-01,7.088834806425467483e-02,-1.785191784956038585e+00,-6.704066592739912900e-02,2.430216252308730063e+00,9.367210112171375780e-01,1.999491704841491885e-02,-2.000508553205211648e-02,1.180851470622483468e-02,1.536214938865291396e-02,8.209837090180658326e-01,-2.449378334874048047e-01,-1.597436898762945154e-17,3.674918454427920708e-17,9.695387860867126228e-01
4.321650157073600451e-02,6.831846691293348428e-01,7.031348166699959157e-02,-1.791321557013361598e+00,-6.915966797493397489e-02,2.471096995837942067e+00,9.375476259559482051e-01,1.999575424861171902e-02,-2.000424857815800289e-02,1.180851470622483468e-02,1.536214938865291396e-02,8.209837090180658326e-01,-2.449378334874048047e-01,7.970811175830820334e-18,-1.231491348902173190e-17,9.695387860867126228e-01
4.462376824001343389e-02,7.116822413142073200e-01,7.017835790622557746e-02,-1.789613118745001508e+00,-7.328675903315676199e-02,2.503947049717457407e+00,9.413762594822226992e-01,1.999688784576517456e-02,-2.000311498725460685e-02,1.180851470622483468e-02,1.536214938865291396e-02,8.209837090180658326e-01,-2.449378334874048047e-01,9.720283320569108324e-18,1.137576711338899134e-17,9.695387860867126228e-01
4.717972443766400847e-02,7.458223108067117968e-01,6.998514877679401502e-02,-1.777342521313398205e+00,-7.869546308916548771e-02,2.528583382542395341e+00,9.474575719192356305e-01,1.999789455566220245e-02,-2.000210820853280322e-02,1.180851470622483468e-02,1.536214938865291396e-02,8.209837090180658326e-01,-2.449378334874048047e-01,1.496538117650539785e-18,3.116735102875177395e-17,9.695387860867126228e-01
5.012439787366439886e-02,7.813230586887225382e-01,6.931791237668644134e-02,-1.759114662431464859e+00,-8.412723993232232300e-02,2.543854302292382741e+00,9.537632909770077383e-01,1.999842067498198636e-02,-2.000158198495634657e-02,1.180851470622483468e-02,1.536214938865291396e-02,8.209837090180658326e-01,-2.449378334874048047e-01,-1.132145308815518230e-17,1.663922696698192862e-17,9.695387860867126228e-01
5.314684347935650505e-02,8.155458178817006631e-01,6.847125070094792210e-02,-1.739391385085962582e+00,-8.858814771819255307e-02,2.553814425362005203e+00,9.591368667824594629e-01,1.999873969094811271e-02,-2.000126286557821556e-02,1.180851470622483468e-02,1.536214938865291396e-02,8.209837090180658326e-01,-2.449378334874048047e-01,-2.260456310671903404e-17,1.992696080000670232e-17,9.695387860867126228e-01
5.687620955013410196e-02,8.524346459424900768e-01,6.820212243819533116e-02,-1.715037593106125025e+00,-9.247131017546082743e-02,2.564370521798525537e+00,9.645570051231620035e-01,1.999947547270254991e-02,-2.000052703974413565e-02,1.180851470622483468e-02,1.536214938865291396e-02,8.209837090180658326e-01,-2.449378334874048047e-01,-1.882911380031848975e-17,3.069345588926116130e-17,9.695387860867126228e-01
6.118665328790775376e-02,8.912297538463551660e-01,6.777542538044803444e-02,-1.686768956221882609e+00,-9.638938640551739101e-02,2.573026658496677221e+00,9.704061658567825210e-01,1.999997042114426415e-02,-2.000003206311097570e-02,1.180851470622483468e-02,1.536214938865291396e-02,8.209837090180658326e-01,-2.449378334874048047e-01,-1.637433943855801144e-17,4.119911898049782979e-17,9.695387860867126228e-01
6.541673303265697903e-02,9.320306158645005334e-01,6.660208276171285247e-02,-1.654110707667984626e+00,-9.984770580856704159e-02,2.579544744540292367e+00,9.753703653196166279e-01,1.999995623688171145e-02,-2.000004619051893792e-02,1.180851470622483468e-02,1.536214938865291396e-02,8.209837090180658326e-01,-2.449378334874048047e-01,-2.502215003097476728e-17,5.022534078994210005e-17,9.695387860867126228e-01
6.968546946789379304e-02,9.739612505287278399e-01,6.573115735712871388e-02,-1.618232815223178189e+00,-1.024265876879094234e-01,2.583533727987530781e+00,9.793942927410296262e-01,2.000016795749199466e-02,-1.999983442657007546e-02,1.180851470622483468e-02,1.536214938865291396e-02,8.209837090180658326e-01,-2.449378334874048047e-01,-1.546757373202338005e-17,3.637185793628814385e-17,9.695387860867126228e-01
7.376792501556841963e-02,1.013919407968981057e+00,6.461969203198644762e-02,-1.583784342072621865e+00,-1.043224391914582966e-01,2.585699457048292071e+00,9.826238266177006464e-01,2.000005079750372117e-02,-1.999995150219071108e-02,1.180851470622483468e-02,1.536214938865291396e-02,8.209837090180658326e-01,-2.449378334874048047e-01,-4.005517347037624761e-18,3.441630336188323270e-17,9.695387860867126228e-01
7.779752289935842891e-02,1.054917164774624050e+00,6.344491727321645291e-02,-1.547605560991159201e+00,-1.056240036959962131e-01,2.589602217834028774e+00,9.851549363800002901e-01,2.000000203326195852e-02,-2.000000019799576603e-02,1.180851470622483468e-02,1.536214938865291396e-02,8.209837090180658326e-01,-2.449378334874048047e-01,2.249285754656988265e-17,1.700744032808959842e-17,9.695387860867126228e-01
8.142027630389379877e-02,1.096235458137630348e+00,6.171191001276656041e-02,-1.510607658103913176e+00,-1.062565695009682343e-01,2.593077587093286951e+00,9.865480239424686548e-01,1.999963580494264551e-02,-2.000036631978073867e-02,1.180851470622483468e-02,1.536214938865291396e-02,8.209837090180658326e-01,-2.449378334874048047e-01,1.631886832049431993e-17,1.677250598547088858e-17,9.695387860867126228e-01
4.694326650130900558e-02,6.866012592021388805e-01,7.244367166915798018e-02,-1.734387323069244591e+00,-7.002689458979383108e-02,2.399852701831354906e+00,9.421024811779074026e-01,1.999313254795789113e-02,-2.000687025436814759e-02,1.180851470622483468e-02,1.536214938865291396e-02,8.209837090180658326e-01,-2.449378334874048047e-01,-1.077619518935808294e-17,4.029327577384770454e-17,9.695387860867126228e-01
4.676190575902090113e-02,7.062080971175594968e-01,7.299950471741153968e-02,-1.743627589549553214e+00,-7.093775570938323782e-02,2.443776539727436692e+00,9.421073806817271690e-01,1.999504367325683624e-02,-2.000496014550149151e-02,1.180851470622483468e-02,1.536214938865291396e-02,8.209837090180658326e-01,-2.449378334874048047e-01,-1.244787981606194558e-17,4.151901884460493796e-17,9.695387860867126228e-01
4.847488170651038930e-02,7.317935182461676735e-01,7.338053700182210759e-02,-1.746204547994680389e+00,-7.537262648340696536e-02,2.478841925832713233e+00,9.470146694627903372e-01,1.999624998891590469e-02,-2.000375382591407583e-02,1.180851470622483468e-02,1.536214938865291396e-02,8.209837090180658326e-01,-2.449378334874048047e-01,-1.285880456261275577e-17,4.510995996864520936e-17,9.695387860867126228e-01
5.110188354347714595e-02,7.602388121069538762e-01,7.308409282055579326e-02,-1.742082835823689502e+00,-8.111960386069390350e-02,2.505437112749167472e+00,9.539044812329592338e-01,1.999706332909017767e-02,-2.000294027073950751e-02,1.180851470622483468e-02,1.536214938865291396e-02,8.209837090180658326e-01,-2.449378334874048047e-01,-2.521284140656554191e-17,2.332156391661351641e-17,9.695387860867126228e-01
5.365899693510776253e-02,7.941397226115934904e-01,7.142111225523853357e-02,-1.728010706281802644e+00,-8.638640138566817950e-02,2.526636807402876883e+00,9.594139117739332034e-01,1.999724254069163917e-02,-2.000276086550907897e-02,1.180851470622483468e-02,1.536214938865291396e-02,8.209837090180658326e-01,-2.449378334874048047e-01,-9.132732698073583494e-18,3.415812902406761599e-17,9.695387860867126228e-01
5.642272552886015702e-02,8.306806260261464514e-01,7.025343105173294245e-02,-1.706938341916514279e+00,-9.023234208199371054e-02,2.540334203877459451e+00,9.634819980689265373e-01,1.999784585600713344e-02,-2.000215736367607147e-02,1.180851470622483468e-02,1.536214938865291396e-02,8.209837090180658326e-01,-2.449378334874048047e-01,-3.291882920138089313e-17,2.132494839156111063e-17,9.695387860867126228e-01
5.936382837280477359e-02,8.676208613980004314e-01,6.907390665293586252e-02,-1.682221216860820823e+00,-9.325665500376890960e-02,2.548809101600431948e+00,9.668205268405802855e-01,1.999821459778804503e-02,-2.000178844320114543e-02,1.180851470622483468e-02,1.536214938865291396e-02,8.209837090180658326e-01,-2.449378334874048047e-01,-2.570586057649906494e-17,2.532061356541494036e-17,9.695387860867126228e-01
6.273666246604624186e-02,9.049999253794859255e-01,6.826522383011147943e-02,-1.655067660226289705e+00,-9.584187757608408909e-02,2.555504862695637147e+00,9.702138202635274267e-01,1.999873591320323538e-02,-2.000126699061042720e-02,1.180851470622483468e-02,1.536214938865291396e-02,8.209837090180658326e-01,-2.449378334874048047e-01,-2.202769266590308450e-17,3.564634911606613453e-17,9.695387860867126228e-01
6.644668641237354290e-02,9.456886486287359173e-01,6.719981499751176424e-02,-1.622098711053579390e+00,-9.834689216923828137e-02,2.561672193930737418e+00,9.736116288792342477e-01,1.999905523376673336e-02,-2.000094756640476840e-02,1.180851470622483468e-02,1.536214938865291396e-02,8.209837090180658326e-01,-2.449378334874048047e-01,-1.374432496006453321e-17,2.962738675413219507e-17,9.695387860867126228e-01
6.987653103334279248e-02,9.850654383573407280e-01,6.552145369192771684e-02,-1.589315634834268742e+00,-1.001627667639362756e-01,2.564742311429711652e+00,9.759934843755160294e-01,1.999891942673217085e-02,-2.000108323678446987e-02,1.180851470622483468e-02,1.536214938865291396e-02,8.209837090180658326e-01,-2.449378334874048047e-01,-6.473265615597999906e-18,3.591543295826573908e-17,9.695387860867126228e-01
7.390057961929306918e-02,1.025469213522063994e+00,6.493993037622294850e-02,-1.554501326354208901e+00,-1.015513481515273597e-01,2.568721294285605694e+00,9.786832139091306004e-01,1.999954883976329603e-02,-2.000045378774879118e-02,1.180851470622483468e-02,1.536214938865291396e-02,8.209837090180658326e-01,-2.449378334874048047e-01,-9.829373279900103046e-18,3.810605399348887026e-17,9.695387860867126228e-01
7.811175526836848515e-02,1.066450735780506198e+00,6.396911271339983385e-02,-1.518229356497741156e+00,-1.032100276518200105e-01,2.572017776321399385e+00,9.818229054531800726e-01,1.999963794281455973e-02,-2.000036460302322475e-02,1.180851470622483468e-02,1.536214938865291396e-02,8.209837090180658326e-01,-2.449378334874048047e-01,-1.382989694645258263e-18,-6.626629059965745066e-18,9.695387860867126228e-01
8.245500552331221089e-02,1.111487201198713803e+00,6.300561949158552111e-02,-1.475067352772948315e+00,-1.046538193773135644e-01,2.574135717187907790e+00,9.846282161615972361e-01,1.999979937216863138e-02,-2.000020314302219590e-02,1.180851470622483468e-02,1.536214938865291396e-02,8.209837090180658326e-01,-2.449378334874048047e-01,-3.756729221840932235e-18,2.769357288552705322e-18,9.695387860867126228e-01
5.103718731792163121e-02,7.529043762950946572e-01,7.216716752740998109e-02,-1.619507973752712049e+00,-7.008019430897029223e-02,2.343002059844667251e+00,9.400396985071551859e-01,1.999310048260532352e-02,-2.000690278823981372e-02,1.180851470622483468e-02,1.536214938865291396e-02,8.209837090180658326e-01,-2.449378334874048047e-01,6.472932261032694789e-18,2.992575419669545863e-17,9.695387860867126228e-01
5.151207583639567239e-02,7.662999588206693691e-01,7.279694103794931426e-02,-1.637355076815690147e+00,-7.188592656111027213e-02,2.390977524289727985e+00,9.422743796993393595e-01,1.999441815591843433e-02,-2.000558571408568229e-02,1.180851470622483468e-02,1.536214938865291396e-02,8.209837090180658326e-01,-2.449378334874048047e-01,-2.194814914903551214e-18,3.015602068798962014e-17,9.695387860867126228e-01
5.292538297000263375e-02,7.879347259360570677e-01,7.234103384032757045e-02,-1.647105260557633066e+00,-7.600595838873631938e-02,2.433918223727623342e+00,9.467704540174194383e-01,1.999499251201782707e-02,-2.000501125025622509e-02,1.180851470622483468e-02,1.536214938865291396e-02,8.209837090180658326e-01,-2.449378334874048047e-01,1.371237806707780523e-17,5.100036665876325264e-17,9.695387860867126228e-01
5.465134880957718544e-02,8.119221301228107812e-01,7.129272514448978249e-02,-1.650408788245176339e+00,-8.031089783693208528e-02,2.465246233057978742e+00,9.513796729005460362e-01,1.999553241495610062e-02,-2.000447106968987129e-02,1.180851470622483468e-02,1.536214938865291396e-02,8.209837090180658326e-01,-2.449378334874048047e-01,1.322942433202313533e-17,3.635698577394058842e-17,9.695387860867126228e-01
5.688826912526840501e-02,8.409722555445806602e-01,7.037614512347818707e-02,-1.644375286726764918e+00,-8.421715263074254498e-02,2.490576923662330078e+00,9.557566478324501791e-01,1.999631627407545686e-02,-2.000368700322831955e-02,1.180851470622483468e-02,1.536214938865291396e-02,8.209837090180658326e-01,-2.449378334874048047e-01,1.703954732969562029e-17,3.048531799672577073e-17,9.695387860867126228e-01
5.936875109089855690e-02,8.742051696069422784e-01,6.904939772890167360e-02,-1.629499709259051521e+00,-8.768564472185330638e-02,2.508709468763782979e+00,9.594796259383657766e-01,1.999682039807839165e-02,-2.000318267861548108e-02,1.180851470622483468e-02,1.536214938865291396e-02,8.209837090180658326e-01,-2.449378334874048047e-01,-1.374959055227558314e-17,3.501657382747337072e-17,9.695387860867126228e-01
6.260478188233718766e-02,9.107697236153721176e-01,6.852835196345458124e-02,-1.606749571990328418e+00,-9.072955046904880583e-02,2.520337527514246112e+00,9.634244533489676465e-01,1.999780239977442739e-02,-2.000220057397676318e-02,1.180851470622483468e-02,1.536214938865291396e-02,8.209837090180658326e-01,-2.449378334874048047e-01,-1.223628473663606713e-17,3.540696168378975890e-17,9.695387860867126228e-01
6.619390771464177259e-02,9.485635308433340018e-01,6.780576900853503564e-02,-1.579145501305915689e+00,-9.375226445342838000e-02,2.526553953571032629e+00,9.675672621067625823e-01,1.999830936657695513e-02,-2.000169349361111126e-02,1.180851470622483468e-02,1.536214938865291396e-02,8.209837090180658326e-01,-2.449378334874048047e-01,-6.383796775073611384e-18,7.982351818536064470e-18,9.695387860867126228e-01
7.000916141680763038e-02,9.890887924904622208e-01,6.702277943025314322e-02,-1.545463596536342132e+00,-9.637934679244640479e-02,2.530264086126423617e+00,9.713005707225529362e-01,1.999873099573944157e-02,-2.000127177794373476e-02,1.180851470622483468e-02,1.536214938865291396e-02,8.209837090180658326e-01,-2.449378334874048047e-01,3.727457870295140307e-18,3.887174369953353956e-17,9.695387860867126228e-01
7.408874453877110910e-02,1.029226208762357597e+00,6.651324716636534962e-02,-1.510321570795511104e+00,-9.854839417890758069e-02,2.530835452667344665e+00,9.748622525831003305e-01,1.999915325723285522e-02,-2.000084943754644462e-02,1.180851470622483468e-02,1.536214938865291396e-02,8.209837090180658326e-01,-2.449378334874048047e-01,-3.317851262097491090e-18,3.167165875469626353e-17,9.695387860867126228e-01
7.744982465361578694e-02,1.071500048614268064e+00,6.455349498054419044e-02,-1.470825019760393815e+00,-9.985438378904068490e-02,2.531391201825474724e+00,9.764639133241758140e-01,1.999864211916463699e-02,-2.000136047762855751e-02,1.180851470622483468e-02,1.536214938865291396e-02,8.209837090180658326e-01,-2.449378334874048047e-01,-2.825753828265418637e-17,3.643663926681967817e-17,9.695387860867126228e-01
8.052887738597112877e-02,1.116356145168961200e+00,6.319494850026760591e-02,-1.426233642108866606e+00,-9.994049501647328526e-02,2.529784972970613666e+00,9.765042554583517331e-01,1.999869171917414978e-02,-2.000131075456742721e-02,1.180851470622483468e-02,1.536214938865291396e-02,8.209837090180658326e-01,-2.449378334874048047e-01,-6.832034526593247257e-18,3.626605517931910659e-17,9.695387860867126228e-01
8.330042257218139845e-02,1.160676001105298338e+00,6.197929000418675449e-02,-1.380743967114630433e+00,-9.987380671217502282e-02,2.525208792999296570e+00,9.764733004385237614e-01,1.999860221157155615e-02,-2.000140012962987879e-02,1.180851470622483468e-02,1.536214938865291396e-02,8.209837090180658326e-01,-2.449378334874048047e-01,8.972280143752218546e-18,3.587098627693754668e-17,9.695387860867126228e-01
6.065414976643425382e-02,8.682397614318437817e-01,7.227161402956734648e-02,-1.386505634284055155e+00,-7.025838633009923173e-02,2.202727815131908073e+00,9.375284780684126629e-01,1.999086827633752769e-02,-2.000913515400826181e-02,1.180851470622483468e-02,1.536214938865291396e-02,8.209837090180658326e-01,-2.449378334874048047e-01,2.820772573385933878e-18,2.864636679210956462e-18,9.695387860867126228e-01
6.103226560457941652e-02,8.743087850665320904e-01,7.302297908901825285e-02,-1.412612564222678113e+00,-7.111529025049047326e-02,2.257176780458722387e+00,9.395240260390785858e-01,1.999222266605879886e-02,-2.000778167080401182e-02,1.180851470622483468e-02,1.536214938865291396e-02,8.209837090180658326e-01,-2.449378334874048047e-01,9.242021108254820389e-19,1.037184207013856454e-17,9.695387860867126228e-01
6.176133795060920195e-02,8.858525695520382826e-01,7.201225729182259006e-02,-1.436466362672464969e+00,-7.389166374171471374e-02,2.309157578167165159e+00,9.428880578430653969e-01,1.999231790384296825e-02,-2.000768625899338599e-02,1.180851470622483468e-02,1.536214938865291396e-02,8.209837090180658326e-01,-2.449378334874048047e-01,9.356754229672182839e-18,2.300368234248172779e-17,9.695387860867126228e-01
6.317575494031699157e-02,9.022407688912285062e-01,7.144065845183274199e-02,-1.453314861546308956e+00,-7.684986385104365658e-02,2.353970141429177598e+00,9.468393790783210529e-01,1.999330225351178200e-02,-2.000670176454205987e-02,1.180851470622483468e-02,1.536214938865291396e-02,8.209837090180658326e-01,-2.449378334874048047e-01,5.172777208562627956e-18,6.674889815093271870e-18,9.695387860867126228e-01
6.543353109524353839e-02,9.251278620996445934e-01,7.098183757049235376e-02,-1.459219353869283031e+00,-8.029907336838532084e-02,2.390377865976279548e+00,9.515975750874529071e-01,1.999436676008412017e-02,-2.000563710612843216e-02,1.180851470622483468e-02,1.536214938865291396e-02,8.209837090180658326e-01,-2.449378334874048047e-01,-1.915842727928614204e-18,2.149026095927904257e-17,9.695387860867126228e-01
6.755679735496783467e-02,9.516436920883468709e-01,6.947644710432222814e-02,-1.456092710022705461e+00,-8.350989769630064175e-02,2.415265378537355012e+00,9.553597672332524438e-01,1.999473732366696677e-02,-2.000526626954709369e-02,1.180851470622483468e-02,1.536214938865291396e-02,8.209837090180658326e-01,-2.449378334874048047e-01,-9.761623244249008651e-18,3.399304087279947093e-17,9.695387860867126228e-01
6.958851244195043972e-02,9.808483897185075184e-01,6.800241698806487600e-02,-1.445554327578183917e+00,-8.558129335106851032e-02,2.432201837874465866e+00,9.575950433841117215e-01,1.999532105178818478e-02,-2.000468228467248977e-02,1.180851470622483468e-02,1.536214938865291396e-02,8.209837090180658326e-01,-2.449378334874048047e-01,3.256349571650833813e-18,3.327888749577449594e-17,9.695387860867126228e-01
7.251707912057521466e-02,1.012065406409859980e+00,6.779018496263894411e-02,-1.429377406747972090e+00,-8.736172338872234822e-02,2.443932941982524643e+00,9.604599224474186236e-01,1.999654000731532558e-02,-2.000346318987434105e-02,1.180851470622483468e-02,1.536214938865291396e-02,8.209837090180658326e-01,-2.449378334874048047e-01,-2.934005057230192949e-18,3.213466811232405458e-17,9.695387860867126228e-01
7.608130076879809911e-02,1.044298123654647137e+00,6.751224891971577269e-02,-1.409527121611414469e+00,-8.974055141262282653e-02,2.452290485209482895e+00,9.644691838486645352e-01,1.999731027324956265e-02,-2.000269278041840598e-02,1.180851470622483468e-02,1.536214938865291396e-02,8.209837090180658326e-01,-2.449378334874048047e-01,-7.842986912324035289e-18,3.892609734291068141e-17,9.695387860867126228e-01
7.993951383792298471e-02,1.078392024611408928e+00,6.704927229094842511e-02,-1.385784806114408907e+00,-9.226307872067240901e-02,2.459774807357438586e+00,9.687479959951236230e-01,1.999784304188876108e-02,-2.000215989125799648e-02,1.180851470622483468e-02,1.536214938865291396e-02,8.209837090180658326e-01,-2.449378334874048047e-01,6.414330924399992887e-18,3.135869264399404815e-17,9.695387860867126228e-01
8.413148499532849267e-02,1.114895521505219866e+00,6.677772283367125472e-02,-1.357511329432404157e+00,-9.465434366485038498e-02,2.465962909177961127e+00,9.730425575581913566e-01,1.999840926743430558e-02,-2.000159358714523328e-02,1.180851470622483468e-02,1.536214938865291396e-02,8.209837090180658326e-01,-2.449378334874048047e-01,-7.579860481100301949e-19,2.762711651488624166e-17,9.695387860867126228e-01
8.825696392823896563e-02,1.154592147270312230e+00,6.624282068642248222e-02,-1.323132597559639079e+00,-9.678340082587574833e-02,2.469730074073155812e+00,9.767012165913310229e-01,1.999859298567358001e-02,-2.000140978934909775e-02,1.180851470622483468e-02,1.536214938865291396e-02,8.209837090180658326e-01,-2.449378334874048047e-01,-2.399435482955182069e-17,2.697244763552315171e-17,9.695387860867126228e-01
9.196591796537476049e-02,1.196066939452578692e+00,6.537178381917786718e-02,-1.284086844942719852e+00,-9.806927009703805820e-02,2.469545066788718657e+00,9.788748251026643254e-01,1.999848592348570445e-02,-2.000151674528792903e-02,1.180851470622483468e-02,1.536214938865291396e-02,8.209837090180658326e-01,-2.449378334874048047e-01,8.401849513610473685e-18,3.871721029683276677e-17,9.695387860867126228e-01
7.372000800605991999e-02,9.683525339831186018e-01,7.222128905800505316e-02,-1.158520729897027701e+00,-7.052910939958172143e-02,2.054980662534787061e+00,9.378657644865563414e-01,1.998900191751542751e-02,-2.001100166173087544e-02,1.180851470622483468e-02,1.536214938865291396e-02,8.209837090180658326e-01,-2.449378334874048047e-01,-5.135611969979286733e-18,2.645740181676241951e-17,9.695387860867126228e-01
7.344589624639789871e-02,9.685788047196237649e-01,7.225801951066265771e-02,-1.189621014392140630e+00,-6.974743008847271442e-02,2.110900729140650078e+00,9.382485055725533485e-01,1.999030634751646981e-02,-2.000969827007944082e-02,1.180851470622483468e-02,1.536214938865291396e-02,8.209837090180658326e-01,-2.449378334874048047e-01,-7.273800681767942635e-18,2.969669676489039181e-17,9.695387860867126228e-01
7.411973265664693888e-02,9.729877600822030015e-01,7.196609262205914959e-02,-1.222495195296520620e+00,-7.081485490612073053e-02,2.169204798839082127e+00,9.410056594976636823e-01,1.999084443219585269e-02,-2.000916044877509500e-02,1.180851470622483468e-02,1.536214938865291396e-02,8.209837090180658326e-01,-2.449378334874048047e-01,-9.572613971384788949e-18,3.643807332442710186e-17,9.695387860867126228e-01
7.537592628167832931e-02,9.793240088317483050e-01,7.170377358476487384e-02,-1.253508539172853098e+00,-7.295119216184678401e-02,2.220850263751930953e+00,9.451765301411906295e-01,1.999164953858149560e-02,-2.000835518963380716e-02,1.180851470622483468e-02,1.536214938865291396e-02,8.209837090180658326e-01,-2.449378334874048047e-01,1.176621584452345014e-17,3.978656273544312189e-17,9.695387860867126228e-01
7.621390181551142284e-02,9.900968777423488909e-01,7.026514475309469931e-02,-1.278161885774603101e+00,-7.544240357913487016e-02,2.267221424460373669e+00,9.486191851956509158e-01,1.999186614843940363e-02,-2.000813822022503435e-02,1.180851470622483468e-02,1.536214938865291396e-02,8.209837090180658326e-01,-2.449378334874048047e-01,5.851285417771508105e-18,8.822962070513492224e-18,9.695387860867126228e-01
